{
    "m3-97": {
        "mean": {
            "0.7": {
                "model": "SVR",
                "mse": [
                    0.025484471749274113,
                    0.024037977069970098
                ],
                "mae": [
                    0.1366482682766326,
                    0.1366804552065285
                ],
                "r2": [
                    -0.8996752744714622,
                    -0.44242191544611864
                ]
            }
        }
    },
    "m3-98": {
        "mean": {
            "0.7": {
                "model": "SVR",
                "mse": [
                    0.009102131266296117,
                    0.012279150980924839
                ],
                "mae": [
                    0.07339278393791313,
                    0.09086948361849591
                ],
                "r2": [
                    0.1607248011138246,
                    -0.0008557169599239245
                ]
            }
        }
    },
    "m3-99": {
        "mean": {
            "0.7": {
                "model": "SVR",
                "mse": [
                    0.032346487246255676,
                    0.029462920514216857
                ],
                "mae": [
                    0.14867442865057923,
                    0.1403266552654236
                ],
                "r2": [
                    -0.22762501545050084,
                    -0.388617788962764
                ]
            }
        }
    },
    "m3-100": {
        "mean": {
            "0.7": {
                "model": "SVR",
                "mse": [
                    0.017527022988885272,
                    0.022567940762154282
                ],
                "mae": [
                    0.10224320248893003,
                    0.11732444481515418
                ],
                "r2": [
                    0.0656644440767915,
                    -0.20872313809664744
                ]
            }
        }
    },
    "m3-109": {
        "mean": {
            "0.7": {
                "model": "SVR",
                "mse": [
                    0.0198813428367334,
                    0.017452244749921995
                ],
                "mae": [
                    0.11762499481445558,
                    0.10864203390300314
                ],
                "r2": [
                    0.07314445518000778,
                    0.13647382414298415
                ]
            }
        }
    },
    "m3-110": {
        "mean": {
            "0.7": {
                "model": "SVR",
                "mse": [
                    0.033187169581719994,
                    0.028944860569065534
                ],
                "mae": [
                    0.14445155233518758,
                    0.1366875431811795
                ],
                "r2": [
                    -0.6492864590074958,
                    -0.1583103892362625
                ]
            }
        }
    },
    "m3-111": {
        "mean": {
            "0.7": {
                "model": "Gradient Boosting",
                "mse": [
                    0.020331925221850202,
                    0.024527214266679823
                ],
                "mae": [
                    0.11450676711104532,
                    0.12644927949584023
                ],
                "r2": [
                    -0.24829576833046962,
                    0.09754579345920311
                ]
            }
        }
    },
    "m3-112": {
        "mean": {
            "0.7": {
                "model": "Linear Regression",
                "mse": [
                    0.019234733751817844,
                    0.020253264226714893
                ],
                "mae": [
                    0.10746120433843744,
                    0.12306306040368016
                ],
                "r2": [
                    -0.6978209136812217,
                    -0.010136885798099016
                ]
            }
        }
    },
    "m3-119": {
        "mean": {
            "0.7": {
                "model": "SVR",
                "mse": [
                    0.016925311572556237,
                    0.01663891755756353
                ],
                "mae": [
                    0.10615649577960286,
                    0.10142996067837022
                ],
                "r2": [
                    0.5639470922710026,
                    0.48729836778221436
                ]
            }
        }
    },
    "m3-120": {
        "mean": {
            "0.7": {
                "model": "Linear Regression",
                "mse": [
                    0.027270791006207096,
                    0.02222468013873261
                ],
                "mae": [
                    0.13726389749401652,
                    0.12275422085331085
                ],
                "r2": [
                    -0.03310225983548465,
                    0.1725942793643802
                ]
            }
        }
    },
    "m3-121": {
        "mean": {
            "0.7": {
                "model": "SVR",
                "mse": [
                    0.04126207139721502,
                    0.012892291932225396
                ],
                "mae": [
                    0.1654266711759178,
                    0.09266045241920681
                ],
                "r2": [
                    -1.231627992251909,
                    0.6051326401083459
                ]
            }
        }
    },
    "m3-122": {
        "mean": {
            "0.7": {
                "model": "SVR",
                "mse": [
                    0.024531619576456436,
                    0.02063507979298602
                ],
                "mae": [
                    0.12540616508026675,
                    0.10877007916145519
                ],
                "r2": [
                    0.17499727369724016,
                    -0.1378477406373222
                ]
            }
        }
    },
    "m3-129": {
        "mean": {
            "0.7": {
                "model": "SVR",
                "mse": [
                    0.02189779269691671,
                    0.024861119416258872
                ],
                "mae": [
                    0.12766014992373106,
                    0.1344326612442819
                ],
                "r2": [
                    0.4093336582016778,
                    0.027228641390240615
                ]
            }
        }
    },
    "m3-130": {
        "mean": {
            "0.7": {
                "model": "SVR",
                "mse": [
                    0.017698194084545073,
                    0.014484748769684074
                ],
                "mae": [
                    0.10256376608277344,
                    0.09395585700218277
                ],
                "r2": [
                    0.11923667046849995,
                    0.1885311605644121
                ]
            }
        }
    },
    "m3-131": {
        "mean": {
            "0.7": {
                "model": "Gradient Boosting",
                "mse": [
                    0.012787382015611441,
                    0.019431521652928056
                ],
                "mae": [
                    0.09131759889770066,
                    0.11222216537010206
                ],
                "r2": [
                    0.5582048337820447,
                    0.2951798558649482
                ]
            }
        }
    },
    "m3-133": {
        "mean": {
            "0.7": {
                "model": "SVR",
                "mse": [
                    0.011209889965711923,
                    0.01749071314163772
                ],
                "mae": [
                    0.08458983784653266,
                    0.10534632850300395
                ],
                "r2": [
                    0.5775312913069878,
                    0.09841936479572433
                ]
            }
        }
    },