{
    "m3-97": {
        "mean": {
            "0.7": {
                "model": "Gradient Boosting",
                "mse": [
                    0.0392190980806277,
                    0.029502184198739432
                ],
                "mae": [
                    0.17330417765690231,
                    0.15241873332627284
                ],
                "r2": [
                    -1.9234881399086383,
                    -0.7703069155079647
                ]
            }
        }
    },
    "m3-98": {
        "mean": {
            "0.7": {
                "model": "Linear Regression",
                "mse": [
                    0.019368444111872683,
                    0.027367345203527894
                ],
                "mae": [
                    0.11419206162593847,
                    0.1385220465648688
                ],
                "r2": [
                    -0.7858954467399664,
                    -1.2306724583415485
                ]
            }
        }
    },
    "m3-99": {
        "mean": {
            "0.7": {
                "model": "SVR",
                "mse": [
                    0.02091921462469739,
                    0.030640096256000563
                ],
                "mae": [
                    0.11467476267649528,
                    0.14466183999784557
                ],
                "r2": [
                    0.20606676757986386,
                    -0.4440992940969044
                ]
            }
        }
    },
    "m3-100": {
        "mean": {
            "0.7": {
                "model": "SVR",
                "mse": [
                    0.03050670033495764,
                    0.025118204387170117
                ],
                "mae": [
                    0.14661915776579237,
                    0.13567543091196527
                ],
                "r2": [
                    -0.6262599093366177,
                    -0.34531347588113137
                ]
            }
        }
    },
    "m3-109": {
        "mean": {
            "0.7": {
                "model": "Gradient Boosting",
                "mse": [
                    0.024463321030283185,
                    0.016339488834634982
                ],
                "mae": [
                    0.12846747033854436,
                    0.10788617738073777
                ],
                "r2": [
                    -0.14046445090903803,
                    0.19153229220591694
                ]
            }
        }
    },
    "m3-110": {
        "mean": {
            "0.7": {
                "model": "SVR",
                "mse": [
                    0.02274982796342639,
                    0.02891741297470114
                ],
                "mae": [
                    0.12086426244338917,
                    0.13943000542563702
                ],
                "r2": [
                    -0.1305870213619047,
                    -0.15721199618524206
                ]
            }
        }
    },
    "m3-111": {
        "mean": {
            "0.7": {
                "model": "Gradient Boosting",
                "mse": [
                    0.01446650701691755,
                    0.024378897520193864
                ],
                "mae": [
                    0.09541558697529993,
                    0.12272381989594218
                ],
                "r2": [
                    0.11181654984967992,
                    0.10300295913286606
                ]
            }
        }
    },
    "m3-112": {
        "mean": {
            "0.7": {
                "model": "Gradient Boosting",
                "mse": [
                    0.02806506932641451,
                    0.028629793909741703
                ],
                "mae": [
                    0.13849534545847142,
                    0.14086026216003802
                ],
                "r2": [
                    -1.4772613055689754,
                    -0.4279185091991826
                ]
            }
        }
    },
    "m3-119": {
        "mean": {
            "0.7": {
                "model": "SVR",
                "mse": [
                    0.026356574198357786,
                    0.021300900144734725
                ],
                "mae": [
                    0.13212845193691725,
                    0.11474370843868606
                ],
                "r2": [
                    0.3209660709818646,
                    0.3436468307429521
                ]
            }
        }
    },
    "m3-120": {
        "mean": {
            "0.7": {
                "model": "Linear Regression",
                "mse": [
                    0.020935456718400577,
                    0.022715295508545154
                ],
                "mae": [
                    0.11861190020717233,
                    0.12432476692928994
                ],
                "r2": [
                    0.20689987901176898,
                    0.1543290912455555
                ]
            }
        }
    },
    "m3-121": {
        "mean": {
            "0.7": {
                "model": "SVR",
                "mse": [
                    0.027042192479998093,
                    0.013377834867543414
                ],
                "mae": [
                    0.1326932669118268,
                    0.09457555836197473
                ],
                "r2": [
                    -0.462556572336817,
                    0.590261346626088
                ]
            }
        }
    },
    "m3-122": {
        "mean": {
            "0.7": {
                "model": "Gradient Boosting",
                "mse": [
                    0.021843272424119115,
                    0.019122016674176765
                ],
                "mae": [
                    0.12228171190874715,
                    0.11071627211814193
                ],
                "r2": [
                    0.26540686622390386,
                    -0.0544152815215615
                ]
            }
        }
    },
    "m3-129": {
        "mean": {
            "0.7": {
                "model": "Gradient Boosting",
                "mse": [
                    0.029580937862917753,
                    0.023778938185899743
                ],
                "mae": [
                    0.14542327544400158,
                    0.13213606236757924
                ],
                "r2": [
                    0.20209015601315405,
                    0.06957246702787345
                ]
            }
        }
    },
    "m3-130": {
        "mean": {
            "0.7": {
                "model": "SVR",
                "mse": [
                    0.013721962201307902,
                    0.015387534083223834
                ],
                "mae": [
                    0.08976292370033316,
                    0.09738862389358174
                ],
                "r2": [
                    0.31711670363682765,
                    0.13795505722385137
                ]
            }
        }
    },
    "m3-131": {
        "mean": {
            "0.7": {
                "model": "Gradient Boosting",
                "mse": [
                    0.022627976384300703,
                    0.018775724975050326
                ],
                "mae": [
                    0.1227130891881743,
                    0.10873235188618635
                ],
                "r2": [
                    0.2182191338560644,
                    0.31896691265241395
                ]
            }
        }
    },
    "m3-133": {
        "mean": {
            "0.7": {
                "model": "Gradient Boosting",
                "mse": [
                    0.018259906610680304,
                    0.01823831310201022
                ],
                "mae": [
                    0.10998335977519358,
                    0.10706806980348699
                ],