{
    "m3-97": {
        "mean": {
            "0.7": {
                "model": "Linear Regression",
                "mse": [
                    0.022988071190387628,
                    0.018664667636011628
                ],
                "mae": [
                    0.1309653462791685,
                    0.11599320355657523
                ],
                "r2": [
                    -0.7135874299381151,
                    -0.11999131891736026
                ]
            }
        }
    },
    "m3-98": {
        "mean": {
            "0.7": {
                "model": "Linear Regression",
                "mse": [
                    0.011020933251007769,
                    0.01400659502923963
                ],
                "mae": [
                    0.0862258085024275,
                    0.09999917118459452
                ],
                "r2": [
                    -0.016201115490471096,
                    -0.14165716603161171
                ]
            }
        }
    },
    "m3-99": {
        "mean": {
            "0.7": {
                "model": "SVR",
                "mse": [
                    0.017409833897287817,
                    0.019448352652435368
                ],
                "mae": [
                    0.10187250678366168,
                    0.10747786762916132
                ],
                "r2": [
                    0.3392559926388098,
                    0.08337910879671817
                ]
            }
        }
    },
    "m3-100": {
        "mean": {
            "0.7": {
                "model": "Gradient Boosting",
                "mse": [
                    0.02012768970354461,
                    0.018618763372832702
                ],
                "mae": [
                    0.11825128034365645,
                    0.10513212561915113
                ],
                "r2": [
                    -0.07297264119166114,
                    0.002792043426960933
                ]
            }
        }
    },
    "m3-109": {
        "mean": {
            "0.7": {
                "model": "SVR",
                "mse": [
                    0.01815286364761507,
                    0.02092807149466763
                ],
                "mae": [
                    0.11101771518454598,
                    0.1146456466926846
                ],
                "r2": [
                    0.15372505447334572,
                    -0.0355079134409535
                ]
            }
        }
    },
    "m3-110": {
        "mean": {
            "0.7": {
                "model": "SVR",
                "mse": [
                    0.020962184446863347,
                    0.02547853134229357
                ],
                "mae": [
                    0.1188354235864343,
                    0.12695041898362794
                ],
                "r2": [
                    -0.04174737994144562,
                    -0.019595429932767416
                ]
            }
        }
    },
    "m3-111": {
        "mean": {
            "0.7": {
                "model": "Gradient Boosting",
                "mse": [
                    0.01331568576008661,
                    0.019344779015091945
                ],
                "mae": [
                    0.09359198690825575,
                    0.11073432229279812
                ],
                "r2": [
                    0.1824721955562152,
                    0.28822829176780107
                ]
            }
        }
    },
    "m3-112": {
        "mean": {
            "0.7": {
                "model": "Linear Regression",
                "mse": [
                    0.01724792215655167,
                    0.01836048440397724
                ],
                "mae": [
                    0.10092483442679098,
                    0.10985643237149742
                ],
                "r2": [
                    -0.522448053234507,
                    0.08426600621175906
                ]
            }
        }
    },
    "m3-119": {
        "mean": {
            "0.7": {
                "model": "SVR",
                "mse": [
                    0.019021084273290457,
                    0.018013404896617746
                ],
                "mae": [
                    0.1129453136223991,
                    0.10905593410720552
                ],
                "r2": [
                    0.5099529441469579,
                    0.4449457387871002
                ]
            }
        }
    },
    "m3-120": {
        "mean": {
            "0.7": {
                "model": "Linear Regression",
                "mse": [
                    0.02624698590932682,
                    0.0239146057282918
                ],
                "mae": [
                    0.1348246797548674,
                    0.1282273421213204
                ],
                "r2": [
                    0.005682656926825791,
                    0.1096798035869333
                ]
            }
        }
    },
    "m3-121": {
        "mean": {
            "0.7": {
                "model": "Gradient Boosting",
                "mse": [
                    0.0381154762643397,
                    0.011288805137822879
                ],
                "mae": [
                    0.15490677091338176,
                    0.08673406675697388
                ],
                "r2": [
                    -1.0614467691327487,
                    0.6542445125710075
                ]
            }
        }
    },
    "m3-122": {
        "mean": {
            "0.7": {
                "model": "Gradient Boosting",
                "mse": [
                    0.020529171657784884,
                    0.022440894387097923
                ],
                "mae": [
                    0.11580573973384846,
                    0.11487189218358665
                ],
                "r2": [
                    0.30960030854773457,
                    -0.23742293378091994
                ]
            }
        }
    },
    "m3-129": {
        "mean": {
            "0.7": {
                "model": "Gradient Boosting",
                "mse": [
                    0.024462754949217486,
                    0.022812062351878694
                ],
                "mae": [
                    0.13488363572296222,
                    0.13202405314740429
                ],
                "r2": [
                    0.34014691909118255,
                    0.10740459771031119
                ]
            }
        }
    },
    "m3-130": {
        "mean": {
            "0.7": {
                "model": "Gradient Boosting",
                "mse": [
                    0.015365993467169936,
                    0.014882286974646906
                ],
                "mae": [
                    0.10286404105578194,
                    0.09401029632628431
                ],
                "r2": [
                    0.23530030787026746,
                    0.16626015877198452
                ]
            }
        }
    },
    "m3-131": {
        "mean": {
            "0.7": {
                "model": "Gradient Boosting",
                "mse": [
                    0.013883130675135316,
                    0.021207254773998825
                ],
                "mae": [
                    0.09386170480413346,
                    0.11368611713497526
                ],
                "r2": [
                    0.5203474787287238,
                    0.23077046494368236
                ]
            }
        }
    },
    "m3-133": {
        "mean": {
            "0.7": {
                "model": "SVR",
                "mse": [
                    0.010973943634600733,
                    0.015785379869824902
                ],
                "mae": [
                    0.08160971808409496,
                    0.09859210533246214
                ],