{
    "m3-97": {
        "mean": {
            "0.7": {
                "model": "Random Forest",
                "mse": [
                    0.015511856673697711,
                    0.015939633284207326
                ],
                "mae": [
                    0.09990840294039233,
                    0.1072801062813742
                ],
                "r2": [
                    -0.15629199122041926,
                    0.043526986218909824
                ]
            }
        }
    },
    "m3-98": {
        "mean": {
            "0.7": {
                "model": "Linear Regression",
                "mse": [
                    0.012721414278258165,
                    0.01145392705961642
                ],
                "mae": [
                    0.09201710187293807,
                    0.0878241037663332
                ],
                "r2": [
                    -0.172996431949195,
                    0.06640708326923406
                ]
            }
        }
    },
    "m3-99": {
        "mean": {
            "0.7": {
                "model": "Linear Regression",
                "mse": [
                    0.022451172752464332,
                    0.021883649564367513
                ],
                "mae": [
                    0.12080048223913789,
                    0.11555759141009488
                ],
                "r2": [
                    0.14792536551812652,
                    -0.031398942879566905
                ]
            }
        }
    },
    "m3-100": {
        "mean": {
            "0.7": {
                "model": "SVR",
                "mse": [
                    0.017362018241916122,
                    0.017573349888707887
                ],
                "mae": [
                    0.10075794586796231,
                    0.09802768484112152
                ],
                "r2": [
                    0.07446056433561432,
                    0.05878365916440287
                ]
            }
        }
    },
    "m3-109": {
        "mean": {
            "0.7": {
                "model": "SVR",
                "mse": [
                    0.017892740439935932,
                    0.01795215434279802
                ],
                "mae": [
                    0.10625400422989086,
                    0.11349993257155433
                ],
                "r2": [
                    0.16585183279781146,
                    0.11173860955046588
                ]
            }
        }
    },
    "m3-110": {
        "mean": {
            "0.7": {
                "model": "Linear Regression",
                "mse": [
                    0.021269106975228276,
                    0.02446930108312944
                ],
                "mae": [
                    0.12295008076383147,
                    0.12190848743610373
                ],
                "r2": [
                    -0.05700035801630521,
                    0.020791770811629195
                ]
            }
        }
    },
    "m3-111": {
        "mean": {
            "0.7": {
                "model": "Random Forest",
                "mse": [
                    0.02042103912284137,
                    0.020556715326840103
                ],
                "mae": [
                    0.10772902437963441,
                    0.1083533039725237
                ],
                "r2": [
                    -0.25376699175338246,
                    0.24363631280496878
                ]
            }
        }
    },
    "m3-112": {
        "mean": {
            "0.7": {
                "model": "Linear Regression",
                "mse": [
                    0.01670786536417381,
                    0.01906330215015773
                ],
                "mae": [
                    0.0942676038835023,
                    0.1093691281866231
                ],
                "r2": [
                    -0.4747780553803349,
                    0.049212786075818804
                ]
            }
        }
    },
    "m3-119": {
        "mean": {
            "0.7": {
                "model": "SVR",
                "mse": [
                    0.015926661011642456,
                    0.015207379606161345
                ],
                "mae": [
                    0.10224771492250616,
                    0.101012712062256
                ],
                "r2": [
                    0.5896756869278796,
                    0.5314089201499658
                ]
            }
        }
    },
    "m3-120": {
        "mean": {
            "0.7": {
                "model": "Linear Regression",
                "mse": [
                    0.01981786280581335,
                    0.022938459479102367
                ],
                "mae": [
                    0.11431088736084537,
                    0.12470184682979255
                ],
                "r2": [
                    0.24923780739857115,
                    0.14602088862008777
                ]
            }
        }
    },
    "m3-121": {
        "mean": {
            "0.7": {
                "model": "Random Forest",
                "mse": [
                    0.04257703096137609,
                    0.03423419865685383
                ],
                "mae": [
                    0.15411419874722437,
                    0.1397188860543618
                ],
                "r2": [
                    -1.3027465879184192,
                    -0.048530991440626225
                ]
            }
        }
    },
    "m3-122": {
        "mean": {
            "0.7": {
                "model": "Linear Regression",
                "mse": [
                    0.027605706072566294,
                    0.018981182909508443
                ],
                "mae": [
                    0.1353863838048195,
                    0.10969279640880086
                ],
                "r2": [
                    0.07161519848296805,
                    -0.0466495068048689
                ]
            }
        }
    },
    "m3-129": {
        "mean": {
            "0.7": {
                "model": "Gradient Boosting",
                "mse": [
                    0.01586397004467242,
                    0.007958173834902526
                ],
                "mae": [
                    0.10313868864560645,
                    0.06971983480476095
                ],
                "r2": [
                    0.5720886902904967,
                    0.6886108206226654
                ]
            }
        }
    },
    "m3-130": {
        "mean": {
            "0.7": {
                "model": "Linear Regression",
                "mse": [
                    0.01588880153784723,
                    0.014045932640493858
                ],
                "mae": [
                    0.10231268389379325,
                    0.09938200355696294
                ],
                "r2": [
                    0.20928238904555663,
                    0.2131146463218505
                ]
            }
        }
    },
    "m3-131": {
        "mean": {
            "0.7": {
                "model": "Random Forest",
                "mse": [
                    0.01565982003732127,
                    0.012364487829598208
                ],
                "mae": [
                    0.10074121861675696,
                    0.08936444134169459
                ],
                "r2": [
                    0.45896409539612815,
                    0.5515153033370233
                ]
            }
        }
    },
    "m3-133": {
        "mean": {
            "0.7": {
                "model": "SVR",
                "mse": [
                    0.016092131823482063,
                    0.019585298808097305
                ],
                "mae": [
                    0.10609377109812862,
                    0.11377273440959598
                ],