{
    "m3-97": {
        "mean": {
            "0.7": {
                "model": "Linear Regression",
                "mse": [
                    0.022988071190387628,
                    0.018664667636011628
                ],
                "mae": [
                    0.1309653462791685,
                    0.11599320355657523
                ],
                "r2": [
                    -0.7135874299381151,
                    -0.11999131891736026
                ]
            }
        }
    },
    "m3-98": {
        "mean": {
            "0.7": {
                "model": "Linear Regression",
                "mse": [
                    0.011020933251007769,
                    0.01400659502923963
                ],
                "mae": [
                    0.0862258085024275,
                    0.09999917118459452
                ],
                "r2": [
                    -0.016201115490471096,
                    -0.14165716603161171
                ]
            }
        }
    },
    "m3-99": {
        "mean": {
            "0.7": {
                "model": "SVR",
                "mse": [
                    0.017409833897287817,
                    0.019448352652435368
                ],
                "mae": [
                    0.10187250678366168,
                    0.10747786762916132
                ],
                "r2": [
                    0.3392559926388098,
                    0.08337910879671817
                ]
            }
        }
    },
    "m3-100": {
        "mean": {
            "0.7": {
                "model": "Gradient Boosting",
                "mse": [
                    0.02012768970354461,
                    0.018618763372832692
                ],
                "mae": [
                    0.11825128034365646,
                    0.10513212561915111
                ],
                "r2": [
                    -0.07297264119166114,
                    0.002792043426961377
                ]
            }
        }
    },
    "m3-109": {
        "mean": {
            "0.7": {
                "model": "SVR",
                "mse": [
                    0.01815286364761507,
                    0.02092807149466763
                ],
                "mae": [
                    0.11101771518454598,
                    0.1146456466926846
                ],
                "r2": [
                    0.15372505447334572,
                    -0.0355079134409535
                ]
            }
        }
    },
    "m3-110": {
        "mean": {
            "0.7": {
                "model": "SVR",
                "mse": [
                    0.020962184446863347,
                    0.02547853134229357
                ],
                "mae": [
                    0.1188354235864343,
                    0.12695041898362794
                ],
                "r2": [
                    -0.04174737994144562,
                    -0.019595429932767416
                ]
            }
        }
    },
    "m3-111": {
        "mean": {
            "0.7": {
                "model": "Gradient Boosting",
                "mse": [
                    0.013315685760086609,
                    0.019344779015091948
                ],
                "mae": [
                    0.09359198690825574,
                    0.11073432229279812
                ],
                "r2": [
                    0.1824721955562153,
                    0.28822829176780096
                ]
            }
        }
    },
    "m3-112": {
        "mean": {
            "0.7": {
                "model": "Linear Regression",
                "mse": [
                    0.01724792215655167,
                    0.01836048440397724
                ],
                "mae": [
                    0.10092483442679098,
                    0.10985643237149742
                ],
                "r2": [
                    -0.522448053234507,
                    0.08426600621175906
                ]
            }
        }
    },
    "m3-119": {
        "mean": {
            "0.7": {
                "model": "Gradient Boosting",
                "mse": [
                    0.02011971656500939,
                    0.019326386150080456
                ],
                "mae": [
                    0.11649598292828385,
                    0.1073315030071341
                ],
                "r2": [
                    0.48164848409165273,
                    0.40448832144653024
                ]
            }
        }
    },
    "m3-120": {
        "mean": {
            "0.7": {
                "model": "Linear Regression",
                "mse": [
                    0.02491000732223108,
                    0.023531914205229994
                ],
                "mae": [
                    0.13096989998925765,
                    0.1268500211990835
                ],
                "r2": [
                    0.05633155814006441,
                    0.12392707974314965
                ]
            }
        }
    },
    "m3-121": {
        "mean": {
            "0.7": {
                "model": "SVR",
                "mse": [
                    0.039434344926154385,
                    0.0121484272882738
                ],
                "mae": [
                    0.1635638187964973,
                    0.0907785032170302
                ],
                "r2": [
                    -1.132776785395774,
                    0.6279158558172389
                ]
            }
        }
    },
    "m3-122": {
        "mean": {
            "0.7": {
                "model": "Gradient Boosting",
                "mse": [
                    0.021543571484394758,
                    0.019929687070944883
                ],
                "mae": [
                    0.1205637490121364,
                    0.10940466915266922
                ],
                "r2": [
                    0.2754858620919707,
                    -0.09895137953338629
                ]
            }
        }
    },
    "m3-129": {
        "mean": {
            "0.7": {
                "model": "SVR",
                "mse": [
                    0.025056159603799512,
                    0.015922189293118404
                ],
                "mae": [
                    0.136576097898863,
                    0.10669534569822707
                ],
                "r2": [
                    0.3241405498018517,
                    0.3769930689211377
                ]
            }
        }
    },
    "m3-130": {
        "mean": {
            "0.7": {
                "model": "Gradient Boosting",
                "mse": [
                    0.013930355355951607,
                    0.01398538419097208
                ],
                "mae": [
                    0.10170022206300304,
                    0.08996391954044324
                ],
                "r2": [
                    0.3067458687449307,
                    0.2165067093009403
                ]
            }
        }
    },
    "m3-131": {
        "mean": {
            "0.7": {
                "model": "SVR",
                "mse": [
                    0.01212156000055472,
                    0.012783621487195064
                ],
                "mae": [
                    0.08588550280574014,
                    0.09100535091357556
                ],
                "r2": [
                    0.5812085219063564,
                    0.5363124875084053
                ]
            }
        }
    },
    "m3-133": {
        "mean": {
            "0.7": {
                "model": "Gradient Boosting",
                "mse": [
                    0.009947544188472088,
                    0.022458692847179523
                ],
                "mae": [
                    0.07541128920110454,
                    0.11952737708122449
                ],
                "r2": [
                    0.6251054951632092,
                    -0.1576613485710574
                ]
            }
        }
    },