{
    "m3-97": {
        "mean": {
            "0.7": {
                "model": "naive",
                "mse": [
                    0.01600617217643397,
                    0.018072817061905163
                ],
                "mae": [
                    0.10029839053997863,
                    0.11308430430953526
                ],
                "r2": [
                    0.10029839053997863,
                    0.11308430430953526
                ]
            }
        }
    },
    "m3-98": {
        "mean": {
            "0.7": {
                "model": "naive",
                "mse": [
                    0.013795184814243303,
                    0.012516089457446715
                ],
                "mae": [
                    0.09638224020747767,
                    0.08925249079094037
                ],
                "r2": [
                    0.09638224020747767,
                    0.08925249079094037
                ]
            }
        }
    },
    "m3-99": {
        "mean": {
            "0.7": {
                "model": "naive",
                "mse": [
                    0.035185942028041255,
                    0.027473602865790352
                ],
                "mae": [
                    0.1452030074290798,
                    0.122792524989927
                ],
                "r2": [
                    0.1452030074290798,
                    0.122792524989927
                ]
            }
        }
    },
    "m3-100": {
        "mean": {
            "0.7": {
                "model": "naive",
                "mse": [
                    0.020371991016356356,
                    0.018973289903605077
                ],
                "mae": [
                    0.10848070716469294,
                    0.10509308690601807
                ],
                "r2": [
                    0.10848070716469294,
                    0.10509308690601807
                ]
            }
        }
    },
    "m3-109": {
        "mean": {
            "0.7": {
                "model": "naive",
                "mse": [
                    0.020195547017894007,
                    0.017719164598335526
                ],
                "mae": [
                    0.11678731558482396,
                    0.10783277834865652
                ],
                "r2": [
                    0.11678731558482396,
                    0.10783277834865652
                ]
            }
        }
    },
    "m3-110": {
        "mean": {
            "0.7": {
                "model": "naive",
                "mse": [
                    0.027995632021448585,
                    0.028468483225058672
                ],
                "mae": [
                    0.1349483645283181,
                    0.1353909735653766
                ],
                "r2": [
                    0.1349483645283181,
                    0.1353909735653766
                ]
            }
        }
    },
    "m3-111": {
        "mean": {
            "0.7": {
                "model": "naive",
                "mse": [
                    0.023136150785374957,
                    0.027747583424360723
                ],
                "mae": [
                    0.1202166874000374,
                    0.12400229711273413
                ],
                "r2": [
                    0.1202166874000374,
                    0.12400229711273413
                ]
            }
        }
    },
    "m3-112": {
        "mean": {
            "0.7": {
                "model": "naive",
                "mse": [
                    0.016722006757948767,
                    0.02190080410690858
                ],
                "mae": [
                    0.1054024280982301,
                    0.11634729159472826
                ],
                "r2": [
                    0.1054024280982301,
                    0.11634729159472826
                ]
            }
        }
    },
    "m3-119": {
        "mean": {
            "0.7": {
                "model": "naive",
                "mse": [
                    0.021700267052223093,
                    0.0198457464134131
                ],
                "mae": [
                    0.12098111806230215,
                    0.10940940251894711
                ],
                "r2": [
                    0.12098111806230215,
                    0.10940940251894711
                ]
            }
        }
    },
    "m3-120": {
        "mean": {
            "0.7": {
                "model": "naive",
                "mse": [
                    0.022653669490339458,
                    0.026757041518669915
                ],
                "mae": [
                    0.11914222448975993,
                    0.1294084157996951
                ],
                "r2": [
                    0.11914222448975993,
                    0.1294084157996951
                ]
            }
        }
    },
    "m3-121": {
        "mean": {
            "0.7": {
                "model": "naive",
                "mse": [
                    0.05158187010249858,
                    0.038310488652333254
                ],
                "mae": [
                    0.17369103032247193,
                    0.14593987405035075
                ],
                "r2": [
                    0.17369103032247193,
                    0.14593987405035075
                ]
            }
        }
    },
    "m3-122": {
        "mean": {
            "0.7": {
                "model": "naive",
                "mse": [
                    0.031765605681729904,
                    0.02185760970304688
                ],
                "mae": [
                    0.1427629463985492,
                    0.12237982797204966
                ],
                "r2": [
                    0.1427629463985492,
                    0.12237982797204966
                ]
            }
        }
    },
    "m3-129": {
        "mean": {
            "0.7": {
                "model": "naive",
                "mse": [
                    0.017021878892011014,
                    0.010578980360626464
                ],
                "mae": [
                    0.10898400256301888,
                    0.07974404802754692
                ],
                "r2": [
                    0.10898400256301888,
                    0.07974404802754692
                ]
            }
        }
    },
    "m3-130": {
        "mean": {
            "0.7": {
                "model": "naive",
                "mse": [
                    0.01781010132911758,
                    0.015934448548400513
                ],
                "mae": [
                    0.1104592851209899,
                    0.10019951533372551
                ],
                "r2": [
                    0.1104592851209899,
                    0.10019951533372551
                ]
            }
        }
    },
    "m3-131": {
        "mean": {
            "0.7": {
                "model": "naive",
                "mse": [
                    0.020068364882247655,
                    0.014331150285193021
                ],
                "mae": [
                    0.10994996398830964,
                    0.09500639265320578
                ],
                "r2": [
                    0.10994996398830964,
                    0.09500639265320578
                ]
            }
        }
    },
    "m3-133": {
        "mean": {
            "0.7": {
                "model": "naive",
                "mse": [
                    0.0172009709883021,
                    0.021602306506799115
                ],
                "mae": [
                    0.10267387044270075,
                    0.1185095933060947
                ],
                "r2": [
                    0.10267387044270075,
                    0.1185095933060947
                ]
            }
        }
    },
    "m3-143": {
        "mean": {
            "0.7": {
                "model": "naive",