{
    "m3-97": {
        "mean": {
            "0.7": {
                "model": "Linear Regression",
                "mse": [
                    0.001426406276652265,
                    0.0022139700684177454,
                    0.001502498560280007,
                    0.0028685764307489984
                ],
                "mae": [
                    0.033252740659252336,
                    0.04270225655266988,
                    0.03421233618717245,
                    0.04635194596034844
                ],
                "r2": [
                    -1.9112780996138472,
                    -1.0663201017697315,
                    -5.825180355923543,
                    -0.7516679681648464
                ]
            }
        }
    },
    "m3-98": {
        "mean": {
            "0.7": {
                "model": "Linear Regression",
                "mse": [
                    0.002121308816603671,
                    0.0026095203974350967,
                    0.0013443517365793374,
                    0.003868012291315012
                ],
                "mae": [
                    0.042675847144764474,
                    0.04606718431118622,
                    0.0316542130203294,
                    0.054267688771228347
                ],
                "r2": [
                    -30.288027478436543,
                    -5.867248969616809,
                    -1.7254428018219201,
                    -1.7962118908137796
                ]
            }
        }
    },
    "m3-99": {
        "mean": {
            "0.7": {
                "model": "Linear Regression",
                "mse": [
                    0.0014979378350604524,
                    0.0021677681152909916,
                    0.001862713066294457,
                    0.003295724493046468
                ],
                "mae": [
                    0.033899744074055875,
                    0.042852167588725884,
                    0.03950772154549954,
                    0.0496739447197129
                ],
                "r2": [
                    -1.4485831054850058,
                    -13.60567418332115,
                    -22.05247801455518,
                    -0.35878463681424067
                ]
            }
        }
    },
    "m3-100": {
        "mean": {
            "0.7": {
                "model": "Linear Regression",
                "mse": [
                    0.0016106925976415059,
                    0.0026334510425753232,
                    0.0015571200466117025,
                    0.003086954911710005
                ],
                "mae": [
                    0.03394189498991696,
                    0.04677583452344054,
                    0.03482440141196532,
                    0.04893675462832895
                ],
                "r2": [
                    -0.6913657586173321,
                    -1.9117261786184487,
                    -3.1775759641045873,
                    -1.411020046178035
                ]
            }
        }
    },
    "m3-109": {
        "mean": {
            "0.7": {
                "model": "Linear Regression",
                "mse": [
                    0.004129655603541943,
                    0.004532529518094108,
                    0.0012330083203104913,
                    0.0027271981708909955
                ],
                "mae": [
                    0.0420755683771523,
                    0.05174135598346927,
                    0.030849375679060147,
                    0.04125947908610081
                ],
                "r2": [
                    0.16338352480840124,
                    0.025801376560144584,
                    -4.642807281077034,
                    -0.07849439846672546
                ]
            }
        }
    },
    "m3-110": {
        "mean": {
            "0.7": {
                "model": "Gradient Boosting",
                "mse": [
                    0.001270473544714221,
                    0.003278981800738657,
                    0.0014459037829081412,
                    0.008299893216740373
                ],
                "mae": [
                    0.028085529261075232,
                    0.04510565054294991,
                    0.031238649044969515,
                    0.060095711656142276
                ],
                "r2": [
                    -5.010083061700448,
                    -0.30436387284701794,
                    -8.03270243495592,
                    0.2251855165454868
                ]
            }
        }
    },
    "m3-111": {
        "mean": {
            "0.7": {
                "model": "SVR",
                "mse": [
                    0.005833129675679756,
                    0.013237351986318653,
                    0.012107590044557167,
                    0.0133537905185539
                ],
                "mae": [
                    0.06910463220610337,
                    0.08722179918141004,
                    0.07900422871574485,
                    0.08224832544933706
                ],
                "r2": [
                    -0.7280018305392364,
                    0.06107261781909812,
                    0.06975610369051921,
                    0.038127935950035496
                ]
            }
        }
    },
    "m3-112": {
        "mean": {
            "0.7": {
                "model": "Linear Regression",
                "mse": [
                    0.005031593147969655,
                    0.0067329969983445795,
                    0.0013812124060232514,
                    0.00241416068416395
                ],
                "mae": [
                    0.04339732872296739,
                    0.05286290947395979,
                    0.03253207564545445,
                    0.03767195843185433
                ],
                "r2": [
                    0.01710945083059212,
                    -0.024502147459468215,
                    -8.381038591091492,
                    -0.1345912447039077
                ]
            }
        }
    },
    "m3-119": {
        "mean": {
            "0.7": {
                "model": "Gradient Boosting",
                "mse": [
                    0.029289445991455002,
                    0.03126946648278646,
                    0.02570377011523987,
                    0.03915393262091856
                ],
                "mae": [
                    0.12300657575214502,
                    0.131349357335413,
                    0.1264257245490312,
                    0.14422384296567314
                ],
                "r2": [
                    0.3497123733016907,
                    0.4215798782084267,
                    -1.7816371380323108,
                    0.41424105856341087
                ]
            }
        }
    },
    "m3-120": {
        "mean": {
            "0.7": {
                "model": "Linear Regression",
                "mse": [
                    0.0155753084566691,
                    0.01669392409037852,
                    0.03070126230800796,
                    0.028347899974049698
                ],
                "mae": [
                    0.09873885532076067,
                    0.10741926551367939,
                    0.15126234701951347,
                    0.14216610729881635
                ],
                "r2": [
                    -1.8978483077868167,
                    -0.8660438768111076,
                    -3.262274031773103,
                    -1.134744686331227
                ]
            }
        }
    },
    "m3-121": {
        "mean": {
            "0.7": {
                "model": "SVR",
                "mse": [
                    0.019617270249856336,
                    0.04058140557065013,
                    0.02494674239196083,
                    0.031182055604245577
                ],