{
    "m3-97": {
        "mean": {
            "0.7": {
                "model": "Linear Regression",
                "mse": [
                    0.0005960537191352477,
                    0.0014462720456256241,
                    0.00033937192977365654,
                    0.0016131057420200534
                ],
                "mae": [
                    0.020063195921843587,
                    0.03087287069373963,
                    0.014604189417791404,
                    0.029633026304428406
                ],
                "r2": [
                    -0.2165384905515686,
                    -0.34981996510893043,
                    -0.5416152066138165,
                    0.0149728529905232
                ]
            }
        }
    },
    "m3-98": {
        "mean": {
            "0.7": {
                "model": "Linear Regression",
                "mse": [
                    0.00012936989007601476,
                    0.0004124978128969249,
                    0.0004928942641480819,
                    0.001425791539195055
                ],
                "mae": [
                    0.01007538847060036,
                    0.014471386167533318,
                    0.010441550276567978,
                    0.02053289085308787
                ],
                "r2": [
                    -0.9081279651028344,
                    -0.08553479151566945,
                    0.0007413329938273927,
                    -0.030714215844307002
                ]
            }
        }
    },
    "m3-99": {
        "mean": {
            "0.7": {
                "model": "Linear Regression",
                "mse": [
                    0.0006552690935907769,
                    0.0004466882450917232,
                    0.00044089857381017316,
                    0.002161403358611871
                ],
                "mae": [
                    0.018722709579419038,
                    0.018529533433924883,
                    0.020160334369391603,
                    0.031466220531269344
                ],
                "r2": [
                    -0.07112644767938403,
                    -2.009631391526134,
                    -4.456452130669202,
                    0.10888131461324091
                ]
            }
        }
    },
    "m3-100": {
        "mean": {
            "0.7": {
                "model": "Linear Regression",
                "mse": [
                    0.0009341282602067663,
                    0.0008947181443420502,
                    0.0004944614902732592,
                    0.001172512107502074
                ],
                "mae": [
                    0.016918692774008575,
                    0.017678306150777232,
                    0.01635633064884487,
                    0.01956008263073887
                ],
                "r2": [
                    0.01908498506543821,
                    0.010737545051151876,
                    -0.3265839338693013,
                    0.08422692380434582
                ]
            }
        }
    },
    "m3-109": {
        "mean": {
            "0.7": {
                "model": "Linear Regression",
                "mse": [
                    0.004455199813103249,
                    0.004806898035955758,
                    0.0023011238710430207,
                    0.0026175982039966577
                ],
                "mae": [
                    0.03967522446193527,
                    0.050130532140093595,
                    0.039708902017882755,
                    0.03662341118312608
                ],
                "r2": [
                    0.0974323474538975,
                    -0.033169983990077645,
                    -9.530990197139907,
                    -0.03515213180296328
                ]
            }
        }
    },
    "m3-110": {
        "mean": {
            "0.7": {
                "model": "Linear Regression",
                "mse": [
                    0.0008587183084780931,
                    0.002304025687826446,
                    0.001686979369540987,
                    0.010657905843733495
                ],
                "mae": [
                    0.022650526941956534,
                    0.02998404445568089,
                    0.03467482009365947,
                    0.06446388851129924
                ],
                "r2": [
                    -3.0622399278035735,
                    0.08346918283129368,
                    -9.538725217472754,
                    0.005059511565337904
                ]
            }
        }
    },
    "m3-111": {
        "mean": {
            "0.7": {
                "model": "Random Forest",
                "mse": [
                    0.0034656832159197567,
                    0.012944808815472539,
                    0.013524538847476618,
                    0.012308252267951857
                ],
                "mae": [
                    0.04094288538700124,
                    0.06801294449051075,
                    0.07291938355033697,
                    0.07123244251363567
                ],
                "r2": [
                    -0.026671319540064964,
                    0.08182274925485145,
                    -0.0391101504895508,
                    0.11343794128166651
                ]
            }
        }
    },
    "m3-112": {
        "mean": {
            "0.7": {
                "model": "Linear Regression",
                "mse": [
                    0.005059810419668187,
                    0.006584756340284161,
                    0.0002816306948244026,
                    0.0023530244179146946
                ],
                "mae": [
                    0.03506796530899556,
                    0.04676716738576435,
                    0.014430572252099422,
                    0.03549345612164655
                ],
                "r2": [
                    0.011597381619069314,
                    -0.0019456436379092779,
                    -0.9128038562804193,
                    -0.10585882731541307
                ]
            }
        }
    },
    "m3-119": {
        "mean": {
            "0.7": {
                "model": "Gradient Boosting",
                "mse": [
                    0.019752702973430743,
                    0.0465069889782367,
                    0.011293144948303305,
                    0.012425384153935131
                ],
                "mae": [
                    0.10616598237877775,
                    0.15860192124388744,
                    0.08231677367041973,
                    0.08567777748901954
                ],
                "r2": [
                    0.5614482315160096,
                    0.13971739032517438,
                    -0.22213322219051834,
                    0.8141111407781428
                ]
            }
        }
    },
    "m3-120": {
        "mean": {
            "0.7": {
                "model": "Linear Regression",
                "mse": [
                    0.004954183873906129,
                    0.007611198508083184,
                    0.006329361216495202,
                    0.013627798995287776
                ],
                "mae": [
                    0.05354766533612621,
                    0.07142776319307739,
                    0.05822978258601279,
                    0.09254670101473533
                ],
                "r2": [
                    0.0782543154504014,
                    0.14922157940156144,
                    0.12129111565088135,
                    -0.026244325618898
                ]
            }
        }
    },
    "m3-121": {
        "mean": {
            "0.7": {
                "model": "Linear Regression",
                "mse": [
                    0.0070390434360913835,
                    0.02614205957399909,
                    0.06876039731827847,
                    0.029653783328356983
                ],