{
    "m3-97": {
        "mean": {
            "0.7": {
                "model": "SVR",
                "mse": [
                    0.014028709225625664,
                    0.011719738775981809,
                    0.013222188644634264,
                    0.017692907400416666
                ],
                "mae": [
                    0.11086712430746745,
                    0.10498653316534823,
                    0.11246782376399564,
                    0.11979940753764994
                ],
                "r2": [
                    -27.632427242446315,
                    -9.938147794205879,
                    -59.06250161255076,
                    -9.803999790559688
                ]
            }
        }
    },
    "m3-98": {
        "mean": {
            "0.7": {
                "model": "SVR",
                "mse": [
                    0.014618870526631857,
                    0.013411068720209049,
                    0.011774400201008116,
                    0.02734089419700322
                ],
                "mae": [
                    0.11613085704902969,
                    0.10999654346035022,
                    0.10517959273015741,
                    0.14720222271297867
                ],
                "r2": [
                    -214.61953599630934,
                    -34.29274879048207,
                    -22.870578956710638,
                    -18.764914819634857
                ]
            }
        }
    },
    "m3-99": {
        "mean": {
            "0.7": {
                "model": "SVR",
                "mse": [
                    0.013028604753173674,
                    0.012028952182382448,
                    0.014449329224717106,
                    0.019253740323272817
                ],
                "mae": [
                    0.10654020760416469,
                    0.10710040454944547,
                    0.116338088057845,
                    0.12340657915862176
                ],
                "r2": [
                    -20.297026311759623,
                    -80.04693260470987,
                    -177.82133878004674,
                    -6.938068430074046
                ]
            }
        }
    },
    "m3-100": {
        "mean": {
            "0.7": {
                "model": "SVR",
                "mse": [
                    0.01355432418603956,
                    0.013508496139099529,
                    0.012695650134502542,
                    0.023495323926063363
                ],
                "mae": [
                    0.11078348022343913,
                    0.11063190061970224,
                    0.10940873255279393,
                    0.13160019903595724
                ],
                "r2": [
                    -13.23320616425194,
                    -13.93593053604577,
                    -33.06098519249543,
                    -17.35067197201317
                ]
            }
        }
    },
    "m3-109": {
        "mean": {
            "0.7": {
                "model": "SVR",
                "mse": [
                    0.013127796601105336,
                    0.008832432047255525,
                    0.013227364268957088,
                    0.013822412847567947
                ],
                "mae": [
                    0.10522599925967739,
                    0.08244644863673578,
                    0.11096574303143776,
                    0.10613133029105927
                ],
                "r2": [
                    -1.6595270826044435,
                    -0.8983975962456694,
                    -59.53443936820624,
                    -4.466194201987961
                ]
            }
        }
    },
    "m3-110": {
        "mean": {
            "0.7": {
                "model": "SVR",
                "mse": [
                    0.013844117467448095,
                    0.00996121057524537,
                    0.012555967219500183,
                    0.017245531827939257
                ],
                "mae": [
                    0.11329376254971114,
                    0.09438227061816953,
                    0.10931320012806985,
                    0.10939865147934218
                ],
                "r2": [
                    -64.49077408299516,
                    -2.9625237325943004,
                    -77.43835600782246,
                    -0.6099108128539068
                ]
            }
        }
    },
    "m3-111": {
        "mean": {
            "0.7": {
                "model": "SVR",
                "mse": [
                    0.010446530133719682,
                    0.012763488230297007,
                    0.011836791322292184,
                    0.014995570711494023
                ],
                "mae": [
                    0.09074256295038326,
                    0.09412527613932736,
                    0.08888785422600762,
                    0.0984841952764057
                ],
                "r2": [
                    -2.094672019570228,
                    0.09468384583597489,
                    0.09056196659043203,
                    -0.08012931098711928
                ]
            }
        }
    },
    "m3-112": {
        "mean": {
            "0.7": {
                "model": "SVR",
                "mse": [
                    0.013418525018906415,
                    0.012442595083651998,
                    0.013277548234629743,
                    0.019783259869584385
                ],
                "mae": [
                    0.10532244310526927,
                    0.09909429907871146,
                    0.11166785253929287,
                    0.12276202632945421
                ],
                "r2": [
                    -1.6212257305021494,
                    -0.8932824990571464,
                    -89.17960730801857,
                    -8.29760541084525
                ]
            }
        }
    },
    "m3-119": {
        "mean": {
            "0.7": {
                "model": "Gradient Boosting",
                "mse": [
                    0.03664893247608161,
                    0.04241362625916669,
                    0.01172351245946131,
                    0.05192552157487525
                ],
                "mae": [
                    0.1388042572118721,
                    0.14941489670534652,
                    0.09105051814783595,
                    0.16761873682228748
                ],
                "r2": [
                    0.18631621342887028,
                    0.21543609066836522,
                    -0.2687071779437975,
                    0.22317283309131541
                ]
            }
        }
    },
    "m3-120": {
        "mean": {
            "0.7": {
                "model": "SVR",
                "mse": [
                    0.008170894156050695,
                    0.009499573611678304,
                    0.009753170310212418,
                    0.015693866125353326
                ],
                "mae": [
                    0.07334107684703699,
                    0.07993253254873602,
                    0.08501068108878393,
                    0.103100806106075
                ],
                "r2": [
                    -0.5202274721614355,
                    -0.0618606550754206,
                    -0.35403828427718187,
                    -0.18182995388584322
                ]
            }
        }
    },
    "m3-121": {
        "mean": {
            "0.7": {
                "model": "Gradient Boosting",
                "mse": [
                    0.01862109277437685,
                    0.06173427156931077,
                    0.016286062120503174,
                    0.035048257271710105
                ],
                "mae": [
                    0.11188993829645479,
                    0.19383720192756942,
                    0.09090575183815029,
                    0.13367687143915027
                ],