{
    "m3-97": {
        "mean": {
            "0.7": {
                "model": "naive",
                "mse": [
                    0.0012190464531602893,
                    0.001646093030849739,
                    0.00037463740235956785,
                    0.002401185807087753
                ],
                "mae": [
                    0.024294531312894777,
                    0.02989565182690852,
                    0.014384353227553255,
                    0.03192246196607891
                ],
                "r2": [
                    0.024294531312894777,
                    0.02989565182690852,
                    0.014384353227553255,
                    0.03192246196607891
                ]
            }
        }
    },
    "m3-98": {
        "mean": {
            "0.7": {
                "model": "naive",
                "mse": [
                    0.00018492957605408843,
                    0.00046755173636502594,
                    0.0006571699542456969,
                    0.0017316283647612627
                ],
                "mae": [
                    0.010514759131426596,
                    0.014687880403636047,
                    0.013421112919328728,
                    0.02461773150640885
                ],
                "r2": [
                    0.010514759131426596,
                    0.014687880403636047,
                    0.013421112919328728,
                    0.02461773150640885
                ]
            }
        }
    },
    "m3-99": {
        "mean": {
            "0.7": {
                "model": "naive",
                "mse": [
                    0.001170358821481755,
                    0.0009870631308689863,
                    0.0007718579918866292,
                    0.0027799534742384926
                ],
                "mae": [
                    0.02050852213910973,
                    0.022903235945457356,
                    0.0204102042630856,
                    0.030985189528272977
                ],
                "r2": [
                    0.02050852213910973,
                    0.022903235945457356,
                    0.0204102042630856,
                    0.030985189528272977
                ]
            }
        }
    },
    "m3-100": {
        "mean": {
            "0.7": {
                "model": "naive",
                "mse": [
                    0.0008862934402585522,
                    0.001089431441327029,
                    0.0008790745398414681,
                    0.0013981029925697905
                ],
                "mae": [
                    0.018017110722328502,
                    0.019910766477423868,
                    0.018285305391158184,
                    0.022555869537967146
                ],
                "r2": [
                    0.018017110722328502,
                    0.019910766477423868,
                    0.018285305391158184,
                    0.022555869537967146
                ]
            }
        }
    },
    "m3-109": {
        "mean": {
            "0.7": {
                "model": "naive",
                "mse": [
                    0.005841971052727012,
                    0.00434152738178426,
                    0.003379338334954728,
                    0.0039008827587378313
                ],
                "mae": [
                    0.04587078565336634,
                    0.05024565556509989,
                    0.04139205003194062,
                    0.04253728388077185
                ],
                "r2": [
                    0.04587078565336634,
                    0.05024565556509989,
                    0.04139205003194062,
                    0.04253728388077185
                ]
            }
        }
    },
    "m3-110": {
        "mean": {
            "0.7": {
                "model": "naive",
                "mse": [
                    0.0023009658363356182,
                    0.003018165414310469,
                    0.003171520120860511,
                    0.011281181086616871
                ],
                "mae": [
                    0.03157662372322596,
                    0.03452803682756125,
                    0.03552721293756969,
                    0.07019283086196476
                ],
                "r2": [
                    0.03157662372322596,
                    0.03452803682756125,
                    0.03552721293756969,
                    0.07019283086196476
                ]
            }
        }
    },
    "m3-111": {
        "mean": {
            "0.7": {
                "model": "naive",
                "mse": [
                    0.0037914581057323983,
                    0.01371369222236271,
                    0.0130644916007785,
                    0.01177139007878097
                ],
                "mae": [
                    0.04373401172351889,
                    0.07124172012946935,
                    0.06943366734086165,
                    0.07077733474308323
                ],
                "r2": [
                    0.04373401172351889,
                    0.07124172012946935,
                    0.06943366734086165,
                    0.07077733474308323
                ]
            }
        }
    },
    "m3-112": {
        "mean": {
            "0.7": {
                "model": "naive",
                "mse": [
                    0.005637228819271963,
                    0.007304296472486088,
                    0.0004435464155314137,
                    0.002248473126485341
                ],
                "mae": [
                    0.038317313718939996,
                    0.051032058022922946,
                    0.014793319001406664,
                    0.035044872031334155
                ],
                "r2": [
                    0.038317313718939996,
                    0.051032058022922946,
                    0.014793319001406664,
                    0.035044872031334155
                ]
            }
        }
    },
    "m3-119": {
        "mean": {
            "0.7": {
                "model": "naive",
                "mse": [
                    0.02288523604452294,
                    0.045461180775425936,
                    0.02024037519893981,
                    0.01767738847413042
                ],
                "mae": [
                    0.10300507000555963,
                    0.15015748015031258,
                    0.0981195420857163,
                    0.09704527300212998
                ],
                "r2": [
                    0.10300507000555963,
                    0.15015748015031258,
                    0.0981195420857163,
                    0.09704527300212998
                ]
            }
        }
    },
    "m3-120": {
        "mean": {
            "0.7": {
                "model": "naive",
                "mse": [
                    0.006987453127726831,
                    0.010775542177796716,
                    0.006167208178273813,
                    0.015043686221339128
                ],
                "mae": [
                    0.06376502962171109,
                    0.07679404845657138,
                    0.05524224966649519,
                    0.09228070424774022
                ],
                "r2": [
                    0.06376502962171109,
                    0.07679404845657138,
                    0.05524224966649519,
                    0.09228070424774022
                ]
            }
        }
    },
    "m3-121": {
        "mean": {
            "0.7": {
                "model": "naive",
                "mse": [
                    0.010492667996470273,
                    0.029416469034926916,
                    0.0834006821522601,
                    0.027856284990725767
                ],
                "mae": [
                    0.07263931588639233,
                    0.12371559364243372,
                    0.21913899541299822,
                    0.12399437652546896
                ],