{
    "m3-97": {
        "mean": {
            "0.7": {
                "model": "Linear Regression",
                "mse": [
                    0.00401748523968649,
                    0.004365255550193356,
                    0.004900219109982209,
                    0.006687187506260972
                ],
                "mae": [
                    0.055328673257557075,
                    0.062379492654123445,
                    0.06012724738097909,
                    0.07083551350521905
                ],
                "r2": [
                    -7.199639180830992,
                    -3.074136060553312,
                    -21.259508323880794,
                    -3.0834652429919727
                ]
            }
        }
    },
    "m3-98": {
        "mean": {
            "0.7": {
                "model": "Linear Regression",
                "mse": [
                    0.005205987752301349,
                    0.005565299516133075,
                    0.004544096875540885,
                    0.00854600652183803
                ],
                "mae": [
                    0.06693138992269647,
                    0.06864670140921544,
                    0.059803565887324786,
                    0.08367172445056278
                ],
                "r2": [
                    -75.78518402011662,
                    -13.645717046449851,
                    -8.21237781991253,
                    -5.177965129270959
                ]
            }
        }
    },
    "m3-99": {
        "mean": {
            "0.7": {
                "model": "Linear Regression",
                "mse": [
                    0.003887538825253174,
                    0.00463895840708806,
                    0.006596704248581981,
                    0.006740137101078977
                ],
                "mae": [
                    0.054618579444268095,
                    0.06401427981645054,
                    0.07434896055080457,
                    0.0756391439976276
                ],
                "r2": [
                    -5.354710900968591,
                    -30.25570238162283,
                    -80.63918663086226,
                    -1.7788714627969537
                ]
            }
        }
    },
    "m3-100": {
        "mean": {
            "0.7": {
                "model": "Linear Regression",
                "mse": [
                    0.004324738984853302,
                    0.005219282991895434,
                    0.004678630053821278,
                    0.006861817958110788
                ],
                "mae": [
                    0.05810645370630813,
                    0.06736668198164127,
                    0.05968991876917108,
                    0.07666847878394846
                ],
                "r2": [
                    -3.5413478926078747,
                    -4.770801383973434,
                    -11.552232244592714,
                    -4.359320470626853
                ]
            }
        }
    },
    "m3-109": {
        "mean": {
            "0.7": {
                "model": "Linear Regression",
                "mse": [
                    0.00472195481030478,
                    0.004747994676296233,
                    0.004486914111204099,
                    0.005200932439809483
                ],
                "mae": [
                    0.05470371594957238,
                    0.05695728084108436,
                    0.05845521172294089,
                    0.05991447868263306
                ],
                "r2": [
                    0.04339112781633769,
                    -0.02050959828994836,
                    -19.534161204925287,
                    -1.0567542773416605
                ]
            }
        }
    },
    "m3-110": {
        "mean": {
            "0.7": {
                "model": "Linear Regression",
                "mse": [
                    0.003922637895333162,
                    0.004444066621768995,
                    0.00475189899273499,
                    0.009913084942039324
                ],
                "mae": [
                    0.05598934885166453,
                    0.059453378279311714,
                    0.05934375276370397,
                    0.07686346732373972
                ],
                "r2": [
                    -17.55637188984455,
                    -0.7678292537808384,
                    -28.685578051405383,
                    0.07459028830452807
                ]
            }
        }
    },
    "m3-111": {
        "mean": {
            "0.7": {
                "model": "Linear Regression",
                "mse": [
                    0.003839203179537729,
                    0.012741849621455513,
                    0.010703194445173331,
                    0.013117523942632997
                ],
                "mae": [
                    0.052018869989685704,
                    0.0760317257216455,
                    0.0679929730309923,
                    0.08186623924057478
                ],
                "r2": [
                    -0.13732258511467954,
                    0.09621867563989472,
                    0.17765787683636491,
                    0.05514619145818522
                ]
            }
        }
    },
    "m3-112": {
        "mean": {
            "0.7": {
                "model": "Linear Regression",
                "mse": [
                    0.006266538015647389,
                    0.007915676043077875,
                    0.005169507094010734,
                    0.005765374572228962
                ],
                "mae": [
                    0.058607279133282994,
                    0.06805786175916817,
                    0.062287962987202,
                    0.060633183389883036
                ],
                "r2": [
                    -0.224129378202218,
                    -0.20446022873924274,
                    -34.110708052110816,
                    -1.709572546267713
                ]
            }
        }
    },
    "m3-119": {
        "mean": {
            "0.7": {
                "model": "Gradient Boosting",
                "mse": [
                    0.03302703288600452,
                    0.04163761182077909,
                    0.03193621459363457,
                    0.03617564610129962
                ],
                "mae": [
                    0.13842794753669163,
                    0.16841561967677293,
                    0.14885060038187897,
                    0.14644743879816857
                ],
                "r2": [
                    0.26673004198875305,
                    0.22979074447134173,
                    -2.4561062506994946,
                    0.45879745027806584
                ]
            }
        }
    },
    "m3-120": {
        "mean": {
            "0.7": {
                "model": "Linear Regression",
                "mse": [
                    0.005193844030749122,
                    0.007484418158345324,
                    0.006281693997923055,
                    0.01349055256878481
                ],
                "mae": [
                    0.05510850237645953,
                    0.06101734537695552,
                    0.055498694080892044,
                    0.08582080805571807
                ],
                "r2": [
                    0.03366458665732441,
                    0.16339306443093526,
                    0.1279087832193554,
                    -0.015908954040637857
                ]
            }
        }
    },
    "m3-121": {
        "mean": {
            "0.7": {
                "model": "Gradient Boosting",
                "mse": [
                    0.023863970990433466,
                    0.045543860833737855,
                    0.026970408488515056,
                    0.0247337525695512
                ],