{
    "m3-97": {
        "mean": {
            "0.7": {
                "model": "SVR",
                "mse": [
                    0.016839971614035592,
                    0.01251471436192697,
                    0.01380977765692842,
                    0.017991525075587836
                ],
                "mae": [
                    0.11734173552426726,
                    0.10580627408153691,
                    0.11204962526586466,
                    0.11793631233412889
                ],
                "r2": [
                    -33.37018005355594,
                    -10.68010634960253,
                    -61.73165623944052,
                    -9.986347735246877
                ]
            }
        }
    },
    "m3-98": {
        "mean": {
            "0.7": {
                "model": "SVR",
                "mse": [
                    0.020049358100837182,
                    0.030522018929111227,
                    0.02192808257291772,
                    0.049942984786959486
                ],
                "mae": [
                    0.13266308964301135,
                    0.14829284598546583,
                    0.13488541247041344,
                    0.19018084278946612
                ],
                "r2": [
                    -294.71595718362056,
                    -79.32215546105039,
                    -43.45543021217224,
                    -35.10411689683397
                ]
            }
        }
    },
    "m3-99": {
        "mean": {
            "0.7": {
                "model": "SVR",
                "mse": [
                    0.014109911031701845,
                    0.025347102013759847,
                    0.027474442862460667,
                    0.04165673931364398
                ],
                "mae": [
                    0.11032983715880026,
                    0.14333169446514338,
                    0.14842407233047308,
                    0.1703091873911884
                ],
                "r2": [
                    -22.064568477721465,
                    -169.78003449399577,
                    -339.0169363223368,
                    -16.17453552885835
                ]
            }
        }
    },
    "m3-100": {
        "mean": {
            "0.7": {
                "model": "SVR",
                "mse": [
                    0.016712949815196904,
                    0.032095615017527404,
                    0.020702481153449366,
                    0.04566614034909568
                ],
                "mae": [
                    0.11948117492274758,
                    0.1550905513148933,
                    0.12959949065073786,
                    0.17923076435145166
                ],
                "r2": [
                    -16.550034739282694,
                    -34.48713872197264,
                    -54.54240204676093,
                    -34.66685713341332
                ]
            }
        }
    },
    "m3-109": {
        "mean": {
            "0.7": {
                "model": "Linear Regression",
                "mse": [
                    0.00727786472555505,
                    0.00799469918224935,
                    0.012514051051513986,
                    0.009125893053064207
                ],
                "mae": [
                    0.07504882849385117,
                    0.07700396100356098,
                    0.10460656842890624,
                    0.08618559780901525
                ],
                "r2": [
                    -0.47440419205729456,
                    -0.7183395953785261,
                    -56.26999341859347,
                    -2.6089143223210014
                ]
            }
        }
    },
    "m3-110": {
        "mean": {
            "0.7": {
                "model": "SVR",
                "mse": [
                    0.016472323963880858,
                    0.010176269195614212,
                    0.014822123909565107,
                    0.014401749576590893
                ],
                "mae": [
                    0.11975469360330193,
                    0.09521178479141851,
                    0.11425195499203591,
                    0.10074415626254217
                ],
                "r2": [
                    -76.923728246094,
                    -3.048073062233839,
                    -91.59525862769861,
                    -0.3444370749880432
                ]
            }
        }
    },
    "m3-111": {
        "mean": {
            "0.7": {
                "model": "Linear Regression",
                "mse": [
                    0.006372510692316514,
                    0.014614521519738959,
                    0.009698389186718049,
                    0.01417970953935668
                ],
                "mae": [
                    0.07131594578857732,
                    0.10086713192781865,
                    0.0768093247423509,
                    0.09867268159847828
                ],
                "r2": [
                    -0.8877876463753667,
                    -0.0366102258621801,
                    0.2548585381750669,
                    -0.02136292038576726
                ]
            }
        }
    },
    "m3-112": {
        "mean": {
            "0.7": {
                "model": "SVR",
                "mse": [
                    0.012877902506339725,
                    0.026278778759000046,
                    0.022585085513444673,
                    0.0550283178474474
                ],
                "mae": [
                    0.10310413485402288,
                    0.1347278853473678,
                    0.13648184201122912,
                    0.1923229748550549
                ],
                "r2": [
                    -1.5156184719970693,
                    -2.9986153681380214,
                    -152.39534879703305,
                    -24.861844263328063
                ]
            }
        }
    },
    "m3-119": {
        "mean": {
            "0.7": {
                "model": "Gradient Boosting",
                "mse": [
                    0.037139397798394355,
                    0.049065641423459934,
                    0.012909832808740704,
                    0.06417764129831657
                ],
                "mae": [
                    0.13955730803847327,
                    0.16119595585560348,
                    0.09247988090749375,
                    0.1859926483017935
                ],
                "r2": [
                    0.175426846299235,
                    0.09238763943853734,
                    -0.3970896185882731,
                    0.03987608103726903
                ]
            }
        }
    },
    "m3-120": {
        "mean": {
            "0.7": {
                "model": "Linear Regression",
                "mse": [
                    0.00597166428350478,
                    0.009181868440244345,
                    0.009790928001566609,
                    0.015133887935596436
                ],
                "mae": [
                    0.0639150251230467,
                    0.08056642161851367,
                    0.0863375350297276,
                    0.10536264795108276
                ],
                "r2": [
                    -0.11105197606636064,
                    -0.026347627306997135,
                    -0.35928020644129743,
                    -0.13966067622720857
                ]
            }
        }
    },
    "m3-121": {
        "mean": {
            "0.7": {
                "model": "Gradient Boosting",
                "mse": [
                    0.022576679663755882,
                    0.037619606423901726,
                    0.020351322269239254,
                    0.025666658994937096
                ],
                "mae": [
                    0.12633417147695922,
                    0.1459520977351352,
                    0.10755853278979208,
                    0.1183869351057377
                ],